<?xml version="1.0" encoding="UTF-8"?>
<project-private xmlns="http://www.netbeans.org/ns/project-private/1">
    <editor-bookmarks xmlns="http://www.netbeans.org/ns/editor-bookmarks/2" lastBookmarkId="0"/>
    <open-files xmlns="http://www.netbeans.org/ns/projectui-open-files/2">
        <group>
            <file>file:/C:/Users/esmaeeil-pc/Desktop/Comparing-algorithms/src/Form.java</file>
            <file>file:/C:/Users/esmaeeil-pc/Desktop/Comparing-algorithms/src/Rabin_Karp.java</file>
            <file>file:/C:/Users/esmaeeil-pc/Desktop/Comparing-algorithms/src/Brute_force.java</file>
            <file>file:/C:/Users/esmaeeil-pc/Desktop/Comparing-algorithms/src/KMPAlgo.java</file>
            <file>file:/C:/Users/esmaeeil-pc/Desktop/Comparing-algorithms/src/Boyer_Moore_Algorithm.java</file>
        </group>
    </open-files>
</project-private>
